iter	RMSE
0	2.215870062
75	1.02599911
150	0.6804419139
225	0.539701008
300	0.4624649437
375	0.4075805585
450	0.369801269
525	0.3390312866
600	0.3093072686
675	0.2851060724
699	0.2780006226
